1,Cyrus,Hane,delaney.wisozk@stoltenberg.com,+9288929886870,1994-06-10,male,0,2460 Bartoletti Lights,Brown Views,73363,Dibbertmouth,99942,Antarctica (the territory South of 60 deg S),SE,-26.746126,28.7839,http://schmidt.biz,http://placeimg.com/640/480/people
2,Kristian,Yost,margie14@yahoo.com,+5109017554291,1960-05-23,male,0,64154 Dooley Ramp Suite 322,Phoebe Radial,136,New Kayley,14291,Monaco,NR,-25.771535,158.723025,http://farrell.biz,http://placeimg.com/640/480/people
3,Tamara,Ebert,ltillman@brekke.com,+7506806764234,1934-07-10,female,0,1842 Schoen Center Apt. 346,Marjory Parks,685,Amaramouth,52273-5163,Kenya,BS,35.124351,8.925158,http://anderson.com,http://placeimg.com/640/480/people
4,Nathanael,Hills,nwill@purdy.info,+3715261465552,1973-01-19,male,0,4705 Davion Point Suite 994,Arielle Lights,16160,Schroederland,06304,Argentina,TM,-78.068786,-30.582259,http://olson.com,http://placeimg.com/640/480/people
5,Diana,Leffler,tdicki@oberbrunner.com,+5232101727963,1942-10-01,female,0,719 Daija Point Apt. 837,Durgan View,82866,Port Zella,90691-7816,Tanzania,ES,89.044729,-106.075793,http://king.biz,http://placeimg.com/640/480/people
6,Joesph,Kerluke,tressa03@mann.org,+1810553918699,1974-01-21,male,0,7077 Kirlin Fort,Maybelle Keys,2884,Quitzonberg,90015-4815,Austria,NR,82.565189,74.565545,http://dickens.net,http://placeimg.com/640/480/people
7,Alisa,Haley,lorenz.durgan@gmail.com,+5725443142280,2007-04-19,female,0,3810 Barrett Extension,Krajcik Bridge,3888,Reymundoshire,30577-9374,Zimbabwe,BD,-65.211199,-174.979948,http://vandervort.com,http://placeimg.com/640/480/people
8,Marlene,O'Kon,trenton78@gmail.com,+3880600852252,1991-04-26,female,0,347 Schneider Alley Suite 146,Jacobi Islands,1708,Port Ignatiusfurt,24993-4766,Tuvalu,BY,-75.677839,-106.73255,http://graham.com,http://placeimg.com/640/480/people
9,Albina,Frami,laurel.quitzon@wilkinson.net,+5191599909489,1984-01-04,female,0,6349 Klocko Inlet Apt. 212,Marilou Cove,9044,North Josiah,54519-5395,Netherlands Antilles,AD,67.340835,-134.367511,http://dach.com,http://placeimg.com/640/480/people
10,Elroy,Lind,ward.stefanie@hickle.com,+6672953054800,1999-08-03,male,0,15806 Rick Port,Miracle Burg,33368,South Donshire,87380-3059,Pakistan,CK,-38.281783,-99.855995,http://emmerich.com,http://placeimg.com/640/480/people
11,Werner,Hoeger,mdietrich@yahoo.com,+9310723403426,1957-11-29,male,0,81494 Hoeger Estate,Nolan Haven,979,New Breannamouth,50164,Luxembourg,NL,-85.6105,26.813535,http://stroman.com,http://placeimg.com/640/480/people
12,Aditya,Schoen,susan.miller@gmail.com,+3017505100683,2004-03-27,female,0,75305 O'Hara Mews Apt. 401,Ocie Parks,5755,South Sherman,98908-0062,El Salvador,GR,-70.650232,-138.293287,http://leffler.net,http://placeimg.com/640/480/people
13,Verla,Heidenreich,dena73@gmail.com,+4859352195457,1999-02-08,female,0,8862 Grant Avenue,Evalyn Station,981,Hauckport,25126-1602,Burkina Faso,AZ,24.85382,2.206058,http://jerde.biz,http://placeimg.com/640/480/people
14,Evan,Harvey,njones@gmail.com,+5304765979014,1944-08-14,male,0,31096 Franz Junction Apt. 809,Terry Turnpike,97414,Sunnyburgh,83964,El Salvador,KZ,-29.457854,-39.460189,http://waters.com,http://placeimg.com/640/480/people
15,Grover,Pacocha,lois.smith@gmail.com,+4131825569133,1948-10-23,male,0,36780 Emmett Crossroad Apt. 681,Amely Plains,1588,Port Mina,04263,Hungary,AQ,30.920289,-47.916576,http://ryan.com,http://placeimg.com/640/480/people
16,Anastacio,Becker,ahalvorson@hotmail.com,+2325674276427,1963-04-17,male,0,3639 Orion Fords,Hills Plains,4232,New Nanniemouth,58208,Bhutan,MH,80.04304,146.820721,http://denesik.info,http://placeimg.com/640/480/people
17,Stone,O'Reilly,kkohler@upton.com,+9127431248134,2011-12-12,male,0,2284 Reichert Harbors,Magnus Crescent,622,East Donnymouth,47500,Wallis and Futuna,TW,34.454803,-137.571029,http://kirlin.com,http://placeimg.com/640/480/people
18,Krystel,Pagac,xokeefe@gmail.com,+9299792127963,1940-05-21,female,0,51323 Jaclyn Inlet,Annalise Estates,296,New Maximilliaburgh,73583-9870,Ethiopia,SN,-56.210382,-112.572315,http://hickle.net,http://placeimg.com/640/480/people
19,Jeanette,Botsford,sammy86@windler.com,+7280242660460,1984-10-10,female,0,7404 Margie Extension,Kuhic Lane,2423,Brittanytown,00623,Gambia,NU,-83.891815,148.766941,http://johnson.com,http://placeimg.com/640/480/people
20,Velda,Renner,fisher.iliana@gmail.com,+3190851212598,1963-01-07,female,0,8853 Dina Ports,Keebler Lake,318,Mannberg,22430-9766,Anguilla,YT,17.0097,-66.837947,http://corkery.biz,http://placeimg.com/640/480/people
21,Jackson,Mraz,carroll.alessia@gmail.com,+9617929556897,1945-07-25,male,0,158 Annamae Pines Suite 578,Zetta Fords,2269,Gloverside,46024-9093,Burundi,FJ,-45.726382,-166.024619,http://thiel.com,http://placeimg.com/640/480/people
22,Anahi,Ortiz,dicki.alvina@ortiz.com,+1660541901394,2009-01-16,female,0,83228 Von Lights,Blair Spur,75314,New Amely,97142,Sao Tome and Principe,PL,-43.098567,-170.279911,http://schaden.com,http://placeimg.com/640/480/people
23,Jake,Gusikowski,mervin50@wiza.org,+3459530113852,1989-11-16,male,0,3195 Bailey Coves,Ruben Cove,8881,Taliaburgh,49734,Uruguay,VC,21.99636,-85.994876,http://pfannerstill.com,http://placeimg.com/640/480/people
24,Stephania,King,don52@connelly.com,+3573948450665,1967-11-10,female,0,9067 Bennie Plaza Apt. 816,Malcolm Camp,61496,West Pierceberg,53129,United Arab Emirates,TR,-56.564735,-60.898817,http://purdy.com,http://placeimg.com/640/480/people
25,Rahsaan,Dibbert,gusikowski.jordan@hotmail.com,+2661234537059,1971-01-08,female,0,22718 Block Meadow Apt. 429,Jordi Light,9171,East Gabriellestad,69269,Namibia,EH,-58.485896,111.799659,http://parisian.org,http://placeimg.com/640/480/people
26,Camilla,Mohr,pnader@stamm.com,+1973467270642,1997-04-18,female,0,8807 Yadira Pike,Wiley Ways,118,West Camronhaven,72032-5895,Cocos (Keeling) Islands,US,-80.87205,35.168857,http://schuppe.com,http://placeimg.com/640/480/people
27,Andres,Hegmann,sheller@hotmail.com,+9489249357440,2023-06-28,male,0,408 Kozey Cliff Apt. 255,Welch Motorway,9009,East Eliza,03472-7381,Sri Lanka,DO,-48.49397,116.438333,http://heathcote.com,http://placeimg.com/640/480/people
28,Jammie,Zemlak,dakota76@yahoo.com,+4237007837524,1953-06-14,female,0,512 Lavinia Island,Grimes Islands,1471,Port Reilly,08290-7548,Kyrgyz Republic,QA,8.978435,-57.623114,http://denesik.info,http://placeimg.com/640/480/people
29,Marcel,Witting,lavonne09@hotmail.com,+6386525842234,1947-05-31,male,0,5194 Mafalda Rue Apt. 368,Klein Harbors,2103,Lubowitzchester,29263,British Virgin Islands,NP,-53.541352,-75.90622,http://toy.com,http://placeimg.com/640/480/people
30,Molly,Ullrich,fcarroll@beahan.com,+8102456132337,1970-09-25,female,0,9863 Treutel Parks,Aletha Crossing,3584,New Afton,45512,Aruba,BF,-27.424265,89.996454,http://kuhlman.com,http://placeimg.com/640/480/people
31,Olin,Rodriguez,torphy.maddison@gmail.com,+8567275091790,2005-04-17,male,0,9549 Jakubowski Ramp Apt. 221,Wilton Trafficway,621,Littelchester,90193-7886,Saint Helena,KM,-87.180594,-50.060117,http://tillman.com,http://placeimg.com/640/480/people
32,Kiel,Connelly,rohan.bradly@yahoo.com,+9956291057773,1934-12-29,male,0,826 Leonard Village,Dwight Cliff,62519,Danikafort,97117-1176,Singapore,MK,-32.622068,-134.810424,http://jones.com,http://placeimg.com/640/480/people
33,Eliseo,Pollich,mmills@hotmail.com,+1108199989257,2011-06-14,male,0,636 Brandy Garden Suite 064,Boyle Knolls,155,North Milanfurt,46237,Turks and Caicos Islands,MK,-38.625049,32.27073,http://johnson.com,http://placeimg.com/640/480/people
34,Isabelle,Kling,doyle.santina@will.com,+3027588473125,2009-12-22,female,0,77588 Pollich Knoll,Cecil Divide,54885,East Filomenaborough,63070-3173,Bahrain,WS,-62.368832,-71.59198,http://glover.com,http://placeimg.com/640/480/people
35,Aurelie,Bruen,bergnaum.estella@gmail.com,+8587855062120,1983-12-14,female,0,439 Purdy Via,Kulas Ville,7520,Lake Theresia,02785-6350,Djibouti,FM,39.096798,164.245709,http://ohara.info,http://placeimg.com/640/480/people
36,Erich,Huel,boyd91@hoeger.biz,+8549131911726,1964-03-14,male,0,93652 Hane Gateway,Ophelia Stravenue,29898,North Arafort,63197,Papua New Guinea,PF,-39.688551,136.337088,http://kulas.com,http://placeimg.com/640/480/people
37,Clarabelle,Hartmann,fidel41@yost.com,+5737166123650,2009-11-04,female,0,8866 Seamus Island Suite 129,Elijah Summit,43939,McClureberg,72184-4537,Vanuatu,CL,5.261788,-129.894936,http://ratke.com,http://placeimg.com/640/480/people
38,Toy,Bechtelar,kacie20@hotmail.com,+2025015554621,1952-01-12,male,0,85946 Fritsch Forks Apt. 513,Clementina Mills,66626,West Karenmouth,42119,Yemen,MW,15.322869,124.861173,http://farrell.com,http://placeimg.com/640/480/people
39,Carlos,Reinger,babshire@yahoo.com,+1587598340110,1936-10-14,male,0,666 Hayes Parkway,Emmy Plains,61276,Lake Edwin,97614-0822,Malta,AM,-37.669907,-143.204799,http://upton.biz,http://placeimg.com/640/480/people
40,Jacques,Wintheiser,mkub@frami.com,+5732023408754,1941-11-13,male,0,734 Kemmer Cape,Weissnat Locks,201,New Alffort,57887,Paraguay,BF,1.880239,81.927603,http://murphy.biz,http://placeimg.com/640/480/people
41,Tremayne,Koss,ooberbrunner@cronin.com,+3932904792318,1989-12-10,male,0,392 Keira Trail Apt. 857,Nickolas Crest,55464,Kingside,31854-5047,Andorra,VA,25.310844,143.243089,http://crist.org,http://placeimg.com/640/480/people
42,Juana,Murray,garrick.white@hotmail.com,+9504999347876,1951-11-16,female,0,707 Howe Glens,Guy Harbor,3343,Brookchester,28131,Togo,LY,22.262811,-137.021985,http://pfeffer.com,http://placeimg.com/640/480/people
43,Marcos,Strosin,lonnie97@davis.com,+5875614747218,1970-12-07,male,0,592 Abshire Haven Apt. 619,Erling Ville,9303,Ashlynnfurt,18611-5595,Cook Islands,TL,49.242908,-52.151558,http://metz.net,http://placeimg.com/640/480/people
44,Elliot,Mann,iwisozk@muller.com,+2742525132369,2010-08-31,male,0,10793 Stanford Fields Suite 045,Braulio Park,71437,East Donavon,34684-8904,Jordan,VI,59.790562,109.157638,http://dare.com,http://placeimg.com/640/480/people
45,Carolina,Ernser,trinity08@hotmail.com,+1520665921276,1973-12-20,female,0,465 Robert Gardens,Cruickshank Port,949,Wuckertport,01986,Russian Federation,IS,4.421546,-175.186299,http://balistreri.info,http://placeimg.com/640/480/people
46,Palma,Prohaska,jaylan.hayes@mante.com,+7681278219459,1943-01-28,female,0,545 Mraz Mountain Suite 780,Grady Turnpike,20882,McGlynnport,89910-1549,Turks and Caicos Islands,TR,21.410722,-29.867807,http://purdy.com,http://placeimg.com/640/480/people
47,Paula,Runolfsson,jerdman@hotmail.com,+2503493377338,1995-11-07,female,0,50854 Jerrell Forges Suite 122,Ozella Village,5559,Hegmannmouth,61895,Latvia,RE,-65.563888,4.39702,http://will.com,http://placeimg.com/640/480/people
48,Vivianne,Nikolaus,cullen.considine@bartoletti.com,+1301106721827,1975-04-16,female,0,32501 Mckenzie Spurs,Lenore Hollow,834,South Quinn,63698-6904,Mozambique,AX,36.551147,62.410846,http://friesen.com,http://placeimg.com/640/480/people
49,Charley,Douglas,brando38@terry.biz,+7670535047739,1999-02-14,male,0,730 Langosh Gardens Suite 048,Daphne Causeway,53874,South Flaviomouth,28972-2325,South Georgia and the South Sandwich Islands,NZ,-16.093075,55.665913,http://howell.com,http://placeimg.com/640/480/people
50,Earnest,Watsica,breitenberg.adelle@zieme.net,+9154029478616,1999-05-26,male,0,9488 Ansley Drives,Estrella Fields,514,Lisamouth,48633,New Zealand,LC,-54.825113,-108.072602,http://dare.com,http://placeimg.com/640/480/people
51,Mallory,Medhurst,kgibson@oreilly.com,+8758036086106,1938-06-18,male,0,430 Zetta Dale Apt. 709,Serenity Lock,396,Roobfurt,82082,Swaziland,KY,88.552783,-138.025338,http://emmerich.org,http://placeimg.com/640/480/people
52,Rory,Pfannerstill,braeden82@bode.org,+4307770347333,1967-12-21,male,0,447 Alexzander Mill,Greenholt Landing,3826,Vernonville,02292-1702,Vietnam,IS,-11.628019,-173.017654,http://rolfson.com,http://placeimg.com/640/480/people
53,Cecilia,Swaniawski,littel.carli@abernathy.biz,+2738477131597,1984-03-18,female,0,47945 Modesto Wall Apt. 857,Reggie Ferry,994,East Destinymouth,77565,Saint Barthelemy,GS,-75.451348,117.045851,http://green.info,http://placeimg.com/640/480/people
54,Antwan,Botsford,daugherty.madonna@schoen.com,+5319032496609,2021-04-23,male,0,591 Mandy Oval,Christelle Garden,810,Dawnborough,27938-3726,Comoros,TH,-29.175291,-114.426815,http://walker.net,http://placeimg.com/640/480/people
55,Rogers,Reynolds,vernice.kutch@hotmail.com,+9465263225495,1934-06-04,male,0,8451 Considine Mews,Rogahn Fords,49832,North Lavonne,14702-0238,Lebanon,BT,70.261725,-87.468916,http://fahey.info,http://placeimg.com/640/480/people
56,Tristin,Moore,vandervort.noble@wisozk.com,+2700778121091,1993-06-11,male,0,627 Jamie Plains,Ledner Crest,92057,East Carmentown,24175-2712,Nepal,TF,36.853939,-5.539104,http://schuppe.com,http://placeimg.com/640/480/people
57,Kole,Kuphal,hilpert.gregg@wunsch.com,+9156193822193,2023-05-05,male,0,5341 Mavis Via,Gorczany Junctions,375,Luettgenton,21936-2821,Finland,GR,31.299762,112.316379,http://bernhard.com,http://placeimg.com/640/480/people
58,Carley,Lehner,abdullah.cole@yahoo.com,+7374134728205,1943-07-13,female,0,2547 Marianne Light,Della Ports,4624,Janickland,10225-9837,Cambodia,MD,-62.274752,61.324177,http://parisian.com,http://placeimg.com/640/480/people
59,Einar,McKenzie,bogan.jaylin@funk.com,+2337428289723,2017-03-19,male,0,676 Hudson Greens Apt. 348,Maymie Mountain,22803,O'Konport,30339,Russian Federation,MY,-47.069235,57.103734,http://mraz.net,http://placeimg.com/640/480/people
60,Jefferey,Bosco,walter.moen@gmail.com,+6468733613037,1985-07-07,male,0,93868 Cathy Field Apt. 636,Dietrich Road,743,Swiftborough,51976,Mauritius,GE,-70.141929,57.907323,http://steuber.com,http://placeimg.com/640/480/people
61,Kari,Dicki,talia.bartoletti@gmail.com,+5384934893253,2011-04-12,female,0,63493 Simonis Meadow,Kulas Terrace,626,Port Karen,52157,Tunisia,KW,-45.254436,-130.159079,http://waelchi.com,http://placeimg.com/640/480/people
62,Harrison,Prohaska,wintheiser.alexis@halvorson.com,+8783600703093,1954-11-03,male,0,652 Swift Causeway,Haley Brooks,8420,Hamillville,00152-1627,British Indian Ocean Territory (Chagos Archipelago),UZ,-24.618096,-6.930575,http://bashirian.com,http://placeimg.com/640/480/people
63,Mabelle,Schroeder,claudie.nikolaus@hamill.com,+2872912377612,1985-07-15,female,0,4468 Kenyon Radial Apt. 689,Erna Shoal,90314,O'Konton,64623-5410,Samoa,RO,11.922241,-177.298246,http://runolfsson.com,http://placeimg.com/640/480/people
64,Jerrod,Hirthe,kayla96@yahoo.com,+4053168325210,2002-08-28,male,0,8505 Beahan River,Janie Parks,5265,Nigelberg,34073-2627,Yemen,PY,79.362121,-132.398945,http://schaden.com,http://placeimg.com/640/480/people
65,Tiffany,Ritchie,gwaelchi@carter.com,+3649297285018,2001-08-27,female,0,6112 Olson Motorway,Schowalter Plain,11972,Mertiefurt,12175,Nauru,TT,-18.784113,-65.233804,http://bruen.biz,http://placeimg.com/640/480/people
66,Wiley,Fritsch,krempel@hotmail.com,+3328494664233,1978-07-19,male,0,76112 Gusikowski Extension,Michelle Valley,653,Yolandaside,00927,Congo,CO,41.884165,-13.394867,http://harber.com,http://placeimg.com/640/480/people
67,Fermin,Kunde,enoch55@hilpert.com,+2665774874479,1955-02-13,male,0,38082 Destini Center Suite 313,Ward Groves,9353,New Cassie,59898-5280,Mongolia,GY,14.297476,-167.352829,http://okeefe.com,http://placeimg.com/640/480/people
68,Delilah,Gleichner,marvin.monserrate@funk.org,+1636941765148,1980-08-02,female,0,65086 Davis Meadow,Arlene Branch,2104,Kerlukeshire,58091-1533,Tokelau,CX,-0.639646,112.594846,http://wuckert.com,http://placeimg.com/640/480/people
69,Efren,Simonis,mattie42@gibson.com,+8832164349649,1997-11-20,male,0,169 Elisha Knolls Suite 566,Cheyanne Ville,98394,Sigurdton,84850-1251,Netherlands Antilles,DK,40.124165,-112.198905,http://stoltenberg.net,http://placeimg.com/640/480/people
70,Karelle,Kautzer,lorna27@jacobi.com,+4293828948491,1987-04-14,female,0,50951 Chanel Underpass,Romaguera Villages,5241,East Olafville,73127-2794,Samoa,KR,84.398564,162.551682,http://sipes.com,http://placeimg.com/640/480/people
71,Retta,Volkman,mario87@cremin.com,+5723714394782,1981-11-12,female,0,63885 Jerald Parkway Suite 360,Anne Pike,1875,Port Karelle,06725,Tuvalu,OM,-35.976112,-133.263884,http://treutel.com,http://placeimg.com/640/480/people
72,Karl,Powlowski,anderson.darion@kulas.com,+1125761147799,1975-11-20,male,0,640 Nestor Junction,Dietrich Flat,83825,Russelburgh,81512,Macedonia,WS,73.480061,-37.657038,http://denesik.info,http://placeimg.com/640/480/people
73,Margot,Christiansen,edmond.wisozk@hotmail.com,+3262815384210,2004-08-30,female,0,657 Grimes Branch,Brown Causeway,206,Norrisville,35143,Slovenia,KN,-74.736953,116.945287,http://sawayn.com,http://placeimg.com/640/480/people
74,Elenor,Mante,xquigley@hotmail.com,+1182898081418,1944-09-06,female,0,60724 Rudolph Light,Reinger Parks,54083,Croninchester,49373,Vietnam,CA,-9.424918,177.448271,http://torp.com,http://placeimg.com/640/480/people
75,Elody,Smitham,troob@hotmail.com,+7154066583666,1986-05-07,female,0,106 Price Path Suite 177,Swift Neck,538,New Marquiseport,26459,Cocos (Keeling) Islands,MQ,66.87865,-0.916854,http://kohler.com,http://placeimg.com/640/480/people
76,Damien,Schulist,loma81@hotmail.com,+5569012757676,1948-12-29,male,0,9680 Jordy Lane,August Underpass,66470,Zeldamouth,02885-9562,South Georgia and the South Sandwich Islands,IS,-88.008169,-13.390301,http://metz.com,http://placeimg.com/640/480/people
77,Danyka,Block,casimir80@yahoo.com,+6781048152455,1996-10-29,female,0,23594 Bins Extensions Suite 874,Kelli Squares,6956,Coraview,65446,Isle of Man,NG,-39.208031,-48.964336,http://conn.com,http://placeimg.com/640/480/people
78,Rebeka,Zulauf,madilyn.gerhold@lemke.net,+3154978290053,1941-11-15,female,0,806 Van Track Suite 215,Orville Overpass,91112,Port Aaliyahstad,56411-1319,Bermuda,BQ,56.613801,-9.568566,http://flatley.com,http://placeimg.com/640/480/people
79,Tiffany,Johnston,zboncak.celine@monahan.com,+8242644526683,2019-02-16,female,0,675 Aleen Union,Kilback Trail,234,South Macie,22921-9996,Nepal,BD,-83.750985,40.04645,http://sanford.biz,http://placeimg.com/640/480/people
80,Doug,Armstrong,schaefer.elizabeth@huels.com,+9522261582987,1938-05-19,male,0,703 Price Circles Apt. 141,Roob Courts,9973,Rodriguezport,00843,Andorra,GW,-10.466863,10.735001,http://ziemann.biz,http://placeimg.com/640/480/people
81,Gabe,Braun,randal.lakin@crona.net,+4914743944803,1987-04-03,male,0,38309 Laurie Squares Suite 786,Ritchie River,6147,Lindachester,94695-6632,New Caledonia,OM,68.733462,-96.266148,http://hartmann.com,http://placeimg.com/640/480/people
82,Magnolia,Adams,guy.daniel@hotmail.com,+5556620014623,1944-08-14,female,0,7383 Karlie Pine Apt. 992,Stroman Lake,5525,New Barbara,31138,Armenia,GU,14.940313,59.564815,http://hirthe.com,http://placeimg.com/640/480/people
83,Joany,Conroy,june57@gmail.com,+5216922372492,1956-02-06,male,0,1388 Hermann Vista,Effertz Islands,47479,Favianmouth,47879,Papua New Guinea,GT,65.370328,159.350709,http://jerde.com,http://placeimg.com/640/480/people
84,Steve,Kuvalis,kris.domenica@berge.com,+8190020795677,2020-09-11,male,0,9934 VonRueden Skyway Apt. 665,Carter Grove,33149,Hackettton,98112-7791,United States Minor Outlying Islands,MD,82.051036,-53.812724,http://wuckert.info,http://placeimg.com/640/480/people
85,Al,Kautzer,kessler.lindsay@gmail.com,+6095932999061,1945-05-29,male,0,19562 Schneider Ramp,Queen Ramp,42889,Fisherview,87179,Seychelles,NU,56.057173,-39.740368,http://adams.org,http://placeimg.com/640/480/people
86,Gerda,Hayes,bradtke.evans@king.com,+4540109334346,1972-03-16,female,0,29287 Jacobson Course Suite 357,Sonia Ramp,5464,Port Prudencefort,43066,Solomon Islands,PN,15.312411,-118.635074,http://jakubowski.com,http://placeimg.com/640/480/people
87,Matteo,Beier,cloyd45@flatley.com,+7070625033712,2008-12-01,male,0,5242 Von Forest,Wuckert River,2017,East Chanellebury,47615,Bosnia and Herzegovina,BQ,-74.374864,44.144183,http://cruickshank.com,http://placeimg.com/640/480/people
88,Jared,Cummerata,kathryn81@pollich.com,+1016164464454,1985-11-17,male,0,69372 Crooks Coves,Johns Grove,4156,West Simeonfurt,94346-6985,Cambodia,MO,53.656029,43.724884,http://skiles.org,http://placeimg.com/640/480/people
89,Lola,Cole,dicki.jamie@hotmail.com,+7661472535195,1977-01-25,female,0,433 Lydia Run,Ankunding Highway,23397,South Tyrafurt,21148-2011,Mali,AS,-88.438427,127.637051,http://jast.info,http://placeimg.com/640/480/people
90,Demond,Windler,sam.hill@gmail.com,+2478073532446,1961-07-23,male,0,1379 Isac Trail Apt. 406,Morar Stravenue,22770,East Luciusfort,45913-5389,Saudi Arabia,SO,50.657612,17.053753,http://will.com,http://placeimg.com/640/480/people
91,Joanne,Langworth,seamus.schaden@reinger.com,+6692542003695,2009-09-21,female,0,732 Brandyn Point Suite 850,Obie Points,7152,Mariannabury,44448,Estonia,OM,-45.381766,-154.235147,http://mills.com,http://placeimg.com/640/480/people
92,Catalina,Pfeffer,braun.coby@yahoo.com,+3720189279749,1961-01-24,female,0,49948 Selena Greens,Kiara Ports,765,Lake Elsieshire,64898,Maldives,NC,70.175797,88.486899,http://oberbrunner.com,http://placeimg.com/640/480/people
93,Waldo,Schneider,fritsch.terrell@runolfsson.com,+8478882532776,1973-05-09,male,0,8159 Wisozk Lake,Dimitri Ranch,3332,Walterberg,29865,Japan,GF,-2.190687,-172.00905,http://hane.com,http://placeimg.com/640/480/people
94,Idell,Barrows,ddibbert@boyer.com,+2891745479390,1965-12-29,female,0,16928 Legros Islands,Armando Meadows,930,Franeckistad,33193,Croatia,CF,0.02437,8.532796,http://dickinson.info,http://placeimg.com/640/480/people
95,Andy,Kovacek,ewell74@paucek.com,+2379172361325,1941-12-17,male,0,2218 Hattie Motorway,Anderson Forge,517,North Dusty,68847,Nauru,DO,-55.150977,73.038485,http://krajcik.info,http://placeimg.com/640/480/people
96,Percival,Von,lmills@ernser.net,+3781841731468,1945-03-06,male,0,30440 Eloisa Parkways,Peggie Shore,200,North Rahul,27003,Kenya,SA,66.813003,-58.480913,http://reinger.info,http://placeimg.com/640/480/people
97,Edwardo,Kunze,karine71@dubuque.net,+6220732765551,1969-07-05,male,0,23232 O'Connell Tunnel,Noemy Pine,255,South Janick,82425-6151,Egypt,IS,87.214625,58.924252,http://abbott.biz,http://placeimg.com/640/480/people
98,Enrico,Abernathy,levi.klocko@gmail.com,+1459630365432,1953-07-21,male,0,4316 Mitchell Branch Suite 857,Abshire Parks,4122,Antoniahaven,23996-1944,Israel,AZ,-60.360007,-149.368109,http://waelchi.com,http://placeimg.com/640/480/people
99,Ludie,Mraz,mfeeney@gulgowski.org,+4039175541652,1987-04-30,female,0,33601 Schneider Viaduct,Dicki Rapid,6768,West Chaimshire,24638,Bangladesh,MP,13.569176,-72.819797,http://pfannerstill.biz,http://placeimg.com/640/480/people
100,Kimberly,Weissnat,olson.concepcion@yahoo.com,+7368528693178,1945-08-25,female,0,69661 O'Keefe Oval Apt. 967,O'Connell Drive,8160,Alyshamouth,14593-0013,Finland,YT,18.511677,-57.35015,http://yundt.com,http://placeimg.com/640/480/people
